tx_id	WT_DMSO_1	WT_DMSO_2	eIF4E2_4_DMSO_1	eIF4E2_4_DMSO_2	GIGYF2_4_DMSO_1	GIGYF2_4_DMSO_2	WT_SMG1i_1	WT_SMG1i_2	eIF4E2_4_SMG1i_1	eIF4E2_4_SMG1i_2	GIGYF2_4_SMG1i_1	GIGYF2_4_SMG1i_2
UGAC_reporter	1.031563	0.968437	2.027190	2.015890	2.202570	1.614360	6.529595	6.969502	5.006172	3.798440	5.527441	4.139559
