UGAC_reporter	WT_DMSO_1	WT_DMSO_2	eIF4E2_4_DMSO_1	eIF4E2_4_DMSO_2	GIGYF2_4_DMSO_1	GIGYF2_4_DMSO_2	WT_SMG1i_1	WT_SMG1i_2	eIF4E2_4_SMG1i_1	eIF4E2_4_SMG1i_2	GIGYF2_4_SMG1i_1	GIGYF2_4_SMG1i_2
RNA	61.550537	60.955313	134.638701	135.893638	115.351552	120.454109	266.513325	273.977897	243.537755	244.296999	252.746727	238.624295
mono	38.736270	36.365826	76.123116	75.698766	82.708823	60.620904	245.193118	261.712086	187.987003	142.635392	207.561190	155.444783
di	
