tx_id	WT_DMSO_1	WT_DMSO_2	eIF4E2_4_DMSO_1	eIF4E2_4_DMSO_2	GIGYF2_4_DMSO_1	GIGYF2_4_DMSO_2	WT_SMG1i_1	WT_SMG1i_2	eIF4E2_4_SMG1i_1	eIF4E2_4_SMG1i_2	GIGYF2_4_SMG1i_1	GIGYF2_4_SMG1i_2
UGAC_reporter	1.004859	0.995141	2.198078	2.218566	1.883201	1.966504	4.351030	4.472895	3.975937	3.988332	4.126280	3.895721
